

-- 插入初始用户数据
INSERT INTO `web_auth`.`auth_user`(`id`, `nick_name`, `user_name`, `password`, `password_question`, `password_answer`, `type`, `icon`, `signature`, `phone`, `sex`, `birthday`, `education`, `school`, `email`, `address`, `expire_time`, `state`, `create_user`, `create_time`, `update_user`, `update_time`) VALUES (1, 'super', 'super', '$2a$10$e2BISEpPld4gaUE6CoXVoO3wp5fNGCP6enaxHBS9Q6QdYFZZoY2f2', 'none', 'none', 'master', 'none', 'none', '18817311413', 'male', '2021-04-19 00:00:00.000', 'college', '清华大学', 'super123@163.com', '上海市徐汇区凯宾路18号', NULL, 'effective', 'system', '2021-04-17 18:09:01.637', 'system', '2021-05-25 11:17:37.956');
INSERT INTO `web_auth`.`auth_user`(`id`, `nick_name`, `user_name`, `password`, `password_question`, `password_answer`, `type`, `icon`, `signature`, `phone`, `sex`, `birthday`, `education`, `school`, `email`, `address`, `expire_time`, `state`, `create_user`, `create_time`, `update_user`, `update_time`) VALUES (2, 'admin', 'admin', '$2a$10$s5v6dV5rK8bJZdgmT9h8EerDSlgZRHV2M.O2BZMDSKKzdy3sUeFM6', '您的爸爸叫什么?', '张三', 'common', 'http://www.baidu.com', '我就是我，不一样的烟火！', '18817311413', 'male', '2021-04-19 00:00:00.000', 'college', '上海科技大学', 'fenglixiong123@163.com', '上海市徐汇区凯宾路18号', NULL, 'effective', 'system', '2021-04-17 18:09:01.637', 'system', '2021-04-17 18:09:01.637');

-- 插入角色数据
INSERT INTO `web_auth`.`auth_role`(`id`, `code`, `name`, `order`, `state`, `create_user`, `create_time`, `update_user`, `update_time`) VALUES (1, 'admin', '管理员', NULL, 'effective', NULL, '2021-05-18 19:59:37.514', NULL, '2021-05-18 19:59:37.514');

-- 插入权限数据
INSERT INTO `web_auth`.`auth_permission`(`id`, `pid`, `code`, `name`, `path`, `method`, `icon`, `order`, `state`, `create_user`, `create_time`, `update_user`, `update_time`) VALUES (1, 0, 'user_manager', '用户管理', '', '', NULL, NULL, 'effective', NULL, '2021-05-17 18:59:44.470', NULL, '2021-05-19 15:48:29.379');
INSERT INTO `web_auth`.`auth_permission`(`id`, `pid`, `code`, `name`, `path`, `method`, `icon`, `order`, `state`, `create_user`, `create_time`, `update_user`, `update_time`) VALUES (2, 1, 'user_get', '根据id查询用户', '/auth/user/get/*', 'GET', NULL, NULL, 'effective', NULL, '2021-05-18 21:04:02.483', NULL, '2021-05-19 16:16:34.262');
INSERT INTO `web_auth`.`auth_permission`(`id`, `pid`, `code`, `name`, `path`, `method`, `icon`, `order`, `state`, `create_user`, `create_time`, `update_user`, `update_time`) VALUES (3, 1, 'user_add', '添加用户', '/auth/user/add', 'POST', NULL, NULL, 'effective', NULL, '2021-05-19 15:42:02.340', NULL, '2021-05-19 15:47:34.711');
INSERT INTO `web_auth`.`auth_permission`(`id`, `pid`, `code`, `name`, `path`, `method`, `icon`, `order`, `state`, `create_user`, `create_time`, `update_user`, `update_time`) VALUES (4, 1, 'user_update', '修改用户', '/auth/user/update', 'PUT', NULL, NULL, 'effective', NULL, '2021-05-19 15:46:03.548', NULL, '2021-05-19 16:13:15.253');
INSERT INTO `web_auth`.`auth_permission`(`id`, `pid`, `code`, `name`, `path`, `method`, `icon`, `order`, `state`, `create_user`, `create_time`, `update_user`, `update_time`) VALUES (5, 1, 'user_delete', '删除用户', '/auth/user/delete/*', 'DELETE', NULL, NULL, 'effective', NULL, '2021-05-19 16:12:54.911', NULL, '2021-05-19 16:13:11.063');
INSERT INTO `web_auth`.`auth_permission`(`id`, `pid`, `code`, `name`, `path`, `method`, `icon`, `order`, `state`, `create_user`, `create_time`, `update_user`, `update_time`) VALUES (6, 0, 'group_manager', '群管理', NULL, '', NULL, NULL, 'effective', NULL, '2021-05-19 16:14:53.008', NULL, '2021-05-19 16:14:53.008');
INSERT INTO `web_auth`.`auth_permission`(`id`, `pid`, `code`, `name`, `path`, `method`, `icon`, `order`, `state`, `create_user`, `create_time`, `update_user`, `update_time`) VALUES (7, 6, 'group_get', '根据id查询群', '/group-service/group/get/*', 'GET', NULL, NULL, 'effective', NULL, '2021-05-19 16:15:25.351', NULL, '2021-05-19 16:16:42.607');
INSERT INTO `web_auth`.`auth_permission`(`id`, `pid`, `code`, `name`, `path`, `method`, `icon`, `order`, `state`, `create_user`, `create_time`, `update_user`, `update_time`) VALUES (8, 6, 'group_add', '添加群', '/group-service/group/add', 'POST', NULL, NULL, 'effective', NULL, '2021-05-19 16:16:31.191', NULL, '2021-05-19 16:16:31.191');
INSERT INTO `web_auth`.`auth_permission`(`id`, `pid`, `code`, `name`, `path`, `method`, `icon`, `order`, `state`, `create_user`, `create_time`, `update_user`, `update_time`) VALUES (9, 6, 'group_update', '修改群', '/group-service/group/update', 'PUT', NULL, NULL, 'effective', NULL, '2021-05-19 16:17:09.690', NULL, '2021-05-19 16:17:09.690');
INSERT INTO `web_auth`.`auth_permission`(`id`, `pid`, `code`, `name`, `path`, `method`, `icon`, `order`, `state`, `create_user`, `create_time`, `update_user`, `update_time`) VALUES (10, 6, 'group_delete', '删除群', '/group-service/group/delete/*', 'DELETE', NULL, NULL, 'effective', NULL, '2021-05-19 16:17:48.807', NULL, '2021-05-19 16:17:48.807');

-- 插入用户角色关系
INSERT INTO `web_auth`.`auth_user_role`(`id`, `user_id`, `role_id`, `state`, `create_user`, `create_time`, `update_user`, `update_time`) VALUES (1, 1, 1, 'effective', NULL, '2021-05-18 19:59:48.042', NULL, '2021-05-18 19:59:48.042');

-- 插入角色权限关系
INSERT INTO `web_auth`.`auth_role_permission`(`id`, `role_id`, `permission_id`, `state`, `create_user`, `create_time`, `update_user`, `update_time`) VALUES (1, 1, 1, 'effective', NULL, '2021-05-18 19:59:57.357', NULL, '2021-05-18 19:59:57.357');
INSERT INTO `web_auth`.`auth_role_permission`(`id`, `role_id`, `permission_id`, `state`, `create_user`, `create_time`, `update_user`, `update_time`) VALUES (2, 1, 2, 'effective', NULL, '2021-05-18 21:03:29.640', NULL, '2021-05-18 21:03:29.640');
INSERT INTO `web_auth`.`auth_role_permission`(`id`, `role_id`, `permission_id`, `state`, `create_user`, `create_time`, `update_user`, `update_time`) VALUES (3, 1, 3, 'effective', NULL, '2021-05-19 16:21:31.471', NULL, '2021-05-19 16:21:31.471');
INSERT INTO `web_auth`.`auth_role_permission`(`id`, `role_id`, `permission_id`, `state`, `create_user`, `create_time`, `update_user`, `update_time`) VALUES (4, 1, 4, 'effective', NULL, '2021-05-19 16:21:36.631', NULL, '2021-05-19 16:21:36.631');
INSERT INTO `web_auth`.`auth_role_permission`(`id`, `role_id`, `permission_id`, `state`, `create_user`, `create_time`, `update_user`, `update_time`) VALUES (5, 1, 5, 'effective', NULL, '2021-05-19 16:21:39.996', NULL, '2021-05-19 16:21:39.996');
INSERT INTO `web_auth`.`auth_role_permission`(`id`, `role_id`, `permission_id`, `state`, `create_user`, `create_time`, `update_user`, `update_time`) VALUES (6, 1, 6, 'effective', NULL, '2021-05-19 16:21:43.740', NULL, '2021-05-19 16:21:43.740');
INSERT INTO `web_auth`.`auth_role_permission`(`id`, `role_id`, `permission_id`, `state`, `create_user`, `create_time`, `update_user`, `update_time`) VALUES (7, 1, 7, 'effective', NULL, '2021-05-19 16:21:50.305', NULL, '2021-05-19 16:21:50.305');
INSERT INTO `web_auth`.`auth_role_permission`(`id`, `role_id`, `permission_id`, `state`, `create_user`, `create_time`, `update_user`, `update_time`) VALUES (8, 1, 8, 'effective', NULL, '2021-05-19 16:21:58.627', NULL, '2021-05-19 16:21:58.627');
INSERT INTO `web_auth`.`auth_role_permission`(`id`, `role_id`, `permission_id`, `state`, `create_user`, `create_time`, `update_user`, `update_time`) VALUES (9, 1, 9, 'effective', NULL, '2021-05-19 16:22:04.479', NULL, '2021-05-19 16:22:04.479');
INSERT INTO `web_auth`.`auth_role_permission`(`id`, `role_id`, `permission_id`, `state`, `create_user`, `create_time`, `update_user`, `update_time`) VALUES (10, 1, 10, 'effective', NULL, '2021-05-19 16:22:27.090', NULL, '2021-05-19 16:22:27.090');
